Ortholog	Residual
1-ACYLGLYCEROL-3-P-ACYLTRANSFER-RXN	MR1
1.1.1.274-RXN	MR1
1.1.1.283-RXN	MR1
1.1.99.28-RXN	MR1
1.18.1.2-RXN	MR1
1.2.3.3-RXN	MR1
1.2.99.7-RXN	MR1
1.3.99.15-RXN	MR1
1.4.3.19-RXN	MR1
1.5.1.34-RXN	MR1
1.5.5.1-RXN-YEAST	MR1
1.6.4.4-RXN	MR1
1.7.2.2-RXN	MR1
1.7.2.3-RXN	MR1
1.8.1.15-RXN	MR1
1.8.1.4-RXN	MR1
1.8.4.12-RXN	MR1
1.8.4.14-RXN	MR1
1.8.98.1-RXN	MR1
1PFRUCTPHOSN-RXN	MR1
1TRANSKETO-RXN	MR1
2-DEHYDROPANTOATE-REDUCT-RXN	MR1
2-NITROPROPANE-DIOXYGENASE-RXN	MR1
2-OCTAPRENYL-6-OHPHENOL-METHY-RXN	MR1
2-OCTAPRENYL-METHOXY-BENZOQ-METH-RXN	MR1
2.1.1.100-RXN	MR1
2.1.1.113-RXN	MR1
2.1.1.151-RXN	MR1
2.1.1.17-RXN	MR1
2.1.1.34-RXN	MR1
2.1.1.64-RXN	MR1
2.1.1.72-RXN	MR1
2.1.1.77-RXN	MR1
2.1.1.79-RXN	MR1
2.1.3.1-RXN	MR1
2.3.1.128-RXN	MR1
2.3.1.157-RXN	MR1
2.3.1.179-RXN	MR1
2.3.1.41-RXN	MR1
2.3.2.10-RXN	MR1
2.4.1.109-RXN	MR1
2.4.1.119-RXN	MR1
2.4.1.129-RXN	MR1
2.4.1.212-RXN	MR1
2.4.1.230-RXN	MR1
2.5.1.46-RXN	MR1
2.7.1.121-RXN	MR1
2.7.1.148-RXN	MR1
2.7.1.90-RXN	MR1
2.7.10.1-RXN	MR1
2.7.13.1-RXN	MR1
2.7.7.1-RXN	MR1
2.7.7.33-RXN	MR1
2.7.7.40-RXN	MR1
2.7.7.60-RXN	MR1
2.7.8.11-RXN	MR1
2.7.8.6-RXN	MR1
2.7.9.3-RXN	MR1
2.8.1.6-RXN	MR1
2.9.1.1-RXN	MR1
24-DICHLOROPHENOL-6-MONOOXYGENASE-RXN	MR1
2TRANSKETO-RXN	MR1
3-CH3-2-OXOBUTANOATE-OH-CH3-XFER-RXN	MR1
3-HYDROXYDECANOYL-ACP-DEHYDR-RXN	MR1
3-NUCLEOTID-RXN	MR1
3-OCTAPRENYL-4-OHBENZOATE-DECARBOX-RXN	MR1
3-OXOACYL-ACP-REDUCT-RXN	MR1
3-OXOACYL-ACP-SYNTH-BASE-RXN	MR1
3-OXOACYL-ACP-SYNTH-RXN	MR1
3.1.1.47-RXN	MR1
3.1.1.64-RXN	MR1
3.1.1.73-RXN	MR1
3.1.11.1-RXN	MR1
3.1.11.2-RXN	MR1
3.1.13.1-RXN	MR1
3.1.13.5-RXN	MR1
3.1.21.1-RXN	MR1
3.1.21.3-RXN	MR1
3.1.21.4-RXN	MR1
3.1.26.12-RXN	MR1
3.1.31.1-RXN	MR1
3.2.1.17-RXN	MR1
3.2.1.23-RXN	MR1
3.2.1.37-RXN	MR1
3.2.1.52-RXN	MR1
3.2.1.73-RXN	MR1
3.2.1.99-RXN	MR1
3.2.2.23-RXN	MR1
3.2.2.24-RXN	MR1
3.4.11.24-RXN	MR1
3.4.11.5-RXN	MR1
3.4.11.7-RXN	MR1
3.4.11.9-RXN	MR1
3.4.13.20-RXN	MR1
3.4.13.21-RXN	MR1
3.4.13.9-RXN	MR1
3.4.14.11-RXN	MR1
3.4.15.5-RXN	MR1
3.4.16.4-RXN	MR1
3.4.17.13-RXN	MR1
3.4.17.14-RXN	MR1
3.4.17.8-RXN	MR1
3.4.21.102-RXN	MR1
3.4.21.107-RXN	MR1
3.4.21.110-RXN	MR1
3.4.21.26-RXN	MR1
3.4.21.53-RXN	MR1
3.4.21.83-RXN	MR1
3.4.21.96-RXN	MR1
3.4.23.43-RXN	MR1
3.4.24.13-RXN	MR1
3.4.24.15-RXN	MR1
3.4.24.40-RXN	MR1
3.4.24.56-RXN	MR1
3.4.24.57-RXN	MR1
3.4.24.70-RXN	MR1
3.4.24.75-RXN	MR1
3.5.1.26-RXN	MR1
3.5.1.80-RXN	MR1
3.5.1.98-RXN	MR1
3.5.2.12-RXN	MR1
3.5.4.30-RXN	MR1
3.6.1.17-RXN	MR1
3.6.1.41-RXN	MR1
325-BISPHOSPHATE-NUCLEOTIDASE-RXN	MR1
4.1.1.32-RXN	MR1
4.1.1.83-RXN	MR1
4.1.1.86-RXN	MR1
4.1.3.17-RXN	MR1
4.2.1.107-RXN	MR1
4.2.1.58-RXN	MR1
4.2.1.59-RXN	MR1
4.2.1.61-RXN	MR1
4.2.1.99-RXN	MR1
4.3.1.4-RXN	MR1
4OH2OXOGLUTARALDOL-RXN	MR1
5-METHYLTHIOADENOSINE-PHOSPHORYLASE-RXN	MR1
5-NUCLEOTID-RXN	MR1
5-OXOPROLINASE-ATP-HYDROLYSING-RXN	MR1
5.1.3.20-RXN	MR1
5.3.3.14-RXN	MR1
5.3.4.1-RXN	MR1
6.3.2.10-RXN	MR1
6PGLUCONDEHYDROG-RXN	MR1
7KAPSYN-RXN	MR1
ABC-16-RXN	MR1
ABC-7-RXN	MR1
ABC-70-RXN	MR1
ACETYL-COA-CARBOXYLTRANSFER-RXN	MR1
ACID-PHOSPHATASE-RXN	MR1
ACNEULY-RXN	MR1
ACYL-COA-HYDROLASE-RXN	MR1
ADENOSYLHOMOCYSTEINE-NUCLEOSIDASE-RXN	MR1
ADENPRIBOSYLTRAN-RXN	MR1
ADENYLATECYC-RXN	MR1
ADPREDUCT-RXN	MR1
ALANINE--TRNA-LIGASE-RXN	MR1
ALDOSE-1-EPIMERASE-RXN	MR1
ALDOSE1EPIM-RXN	MR1
AMINOCYL-TRNA-HYDROLASE-RXN	MR1
AMP-DEPHOSPHORYLATION-RXN	MR1
AMP-NUCLEOSID-RXN	MR1
ANTHRANSYN-RXN	MR1
ARGININE-DEIMINASE-RXN	MR1
ASPAMINOTRANS-RXN	MR1
ASPARAGHYD-RXN	MR1
ASPDECARBOX-RXN	MR1
BETA-LACTAMASE-RXN	MR1
BETA-PHOSPHOGLUCOMUTASE-RXN	MR1
BIOTIN-CARBOXYL-RXN	MR1
CAFFEOYL-COA-O-METHYLTRANSFERASE-RXN	MR1
CARBAMATE-KINASE-RXN	MR1
CARBODEHYDRAT-RXN	MR1
CARBOXYLESTERASE-RXN	MR1
CATAL-RXN	MR1
CDPDIGLYSYN-RXN	MR1
CDPREDUCT-RXN	MR1
CEPHALOSPORIN-C-DEACETYLASE-RXN	MR1
CERAMIDE-GLUCOSYLTRANSFERASE-RXN	MR1
CHORPYRLY-RXN	MR1
CITC-RXN	MR1
CITLY-RXN	MR1
CPM-KDOSYNTH-RXN	MR1
CTPSYN-RXN	MR1
CYCPHOSDIESTER-RXN	MR1
CYTIDINEKIN-RXN	MR1
CYTOCHROME-C-PEROXIDASE-RXN	MR1
D-RIBULOKIN-RXN	MR1
DAPASYN-RXN	MR1
DARAB5PISOM-RXN	MR1
DARABALDOL-RXN	MR1
DCTP-DEAM-RXN	MR1
DEOXYRIBODIPYRIMIDINE-PHOTOLYASE-RXN	MR1
DEPHOSPHOCOAKIN-RXN	MR1
DETHIOBIOTIN-SYN-RXN	MR1
DGTPTRIPHYDRO-RXN	MR1
DHBDEHYD-RXN	MR1
DHHB-METHYLTRANSFER-RXN	MR1
DIACYLGLYKIN-RXN	MR1
DIAMACTRANS-RXN	MR1
DIHYDLIPACETRANS-RXN	MR1
DIHYDROFOLATEREDUCT-RXN	MR1
DIHYDROKAEMPFEROL-4-REDUCTASE-RXN	MR1
DIMETHUROPORDEHYDROG-RXN	MR1
DIOHBUTANONEPSYN-RXN	MR1
DIPHOSPHOMEVALONTE-DECARBOXYLASE-RXN	MR1
DLACTDEHYDROGFAD-RXN	MR1
DNA-DIRECTED-DNA-POLYMERASE-RXN	MR1
DTDPDEHYDRHAMEPIM-RXN	MR1
DTDPDEHYRHAMREDUCT-RXN	MR1
ENOYL-ACP-REDUCT-NADH-RXN	MR1
ETHAMLY-RXN	MR1
ETHANOLAMINEPHOSPHOTRANSFERASE-RXN	MR1
EXOPOLYPHOSPHATASE-RXN	MR1
F16BDEPHOS-RXN	MR1
FADSYN-RXN	MR1
FATTY-ACID-SYNTHASE-RXN	MR1
FOLYLPOLYGLUTAMATESYNTH-RXN	MR1
FORMYLTHFGLUSYNTH-RXN	MR1
FPPSYN-RXN	MR1
FRUCTOSE-6-PHOSPHATE-PHOSPHOKETOLASE-RXN	MR1
FUCPALDOL-RXN	MR1
GALACTOKIN-RXN	MR1
GALACTURIDYLYLTRANS-RXN	MR1
GALPMUT-RXN	MR1
GAMMA-GLUTAMYLTRANSFERASE-RXN	MR1
GAPOXNPHOSPHN-RXN	MR1
GART-RXN	MR1
GCVMULTI-RXN	MR1
GDPREDUCT-RXN	MR1
GLCNACPTRANS-RXN	MR1
GLUC1PURIDYLTRANS-RXN	MR1
GLUCOKIN-RXN	MR1
GLUCOSE-1-PHOSPHAT-RXN	MR1
GLUTAMATESYN-RXN	MR1
GLUTAMINE--TRNA-LIGASE-RXN	MR1
GLUTATHIONE-REDUCT-NADPH-RXN	MR1
GLUTATHIONE-SYN-RXN	MR1
GLUTDEHYD-RXN	MR1
GLUTRACE-RXN	MR1
GLYC3PDEHYDROG-RXN	MR1
GLYC3PDEHYDROGBIOSYN-RXN	MR1
GLYCDEH-RXN	MR1
GLYCERATE-DEHYDROGENASE-RXN	MR1
GLYCEROL-3-PHOSPHATE-OXIDASE-RXN	MR1
GLYCERONE-KINASE-RXN	MR1
GLYCINE--TRNA-LIGASE-RXN	MR1
GLYCOGENSYN-RXN	MR1
GLYCOLATE-REDUCTASE-RXN	MR1
GLYCPDIESTER-RXN	MR1
GLYOXI-RXN	MR1
GLYOXII-RXN	MR1
GPH-RXN	MR1
GPPSYN-RXN	MR1
GUANPRIBOSYLTRAN-RXN	MR1
H2PTERIDINEPYROPHOSPHOKIN-RXN	MR1
H2PTEROATESYNTH-RXN	MR1
HEMN-RXN	MR1
HIPPURATE-HYDROLASE-RXN	MR1
HOLOCYTOCHROME-C-SYNTHASE-RXN	MR1
HOMOCYSMET-RXN	MR1
HOMOSERDEAM-RXN	MR1
HOMSUCTRAN-RXN	MR1
HYDROXYMETHYLGLUTARYL-COA-REDUCTASE-RXN	MR1
HYPOXANPRIBOSYLTRAN-RXN	MR1
ISOCIT-CLEAV-RXN	MR1
KANAMYCIN-KINASE-RXN	MR1
KDO-8PPHOSPHAT-RXN	MR1
KDO-8PSYNTH-RXN	MR1
KETOLACTOSE-RXN	MR1
L-ASPARTATE-OXID-RXN	MR1
L-LACTATE-DEHYDROGENASE-CYTOCHROME-RXN	MR1
LAUROYLACYLTRAN-RXN	MR1
LEUCYLTRANSFERASE-RXN	MR1
LIPIDADISACCHARIDESYNTH-RXN	MR1
LIPIDXSYNTHESIS-RXN	MR1
LUMAZINESYN-RXN	MR1
LYSDECARBOX-RXN	MR1
LYSINE-23-AMINOMUTASE-RXN	MR1
MALIC-NADP-RXN	MR1
MALONYL-COA-ACP-TRANSACYL-RXN	MR1
MALSYN-RXN	MR1
MALTOSE-6-PHOSPHATE-GLUCOSIDASE-RXN	MR1
MALTOSE-PHOSPHORYLASE-RXN	MR1
MANNPGUANYLTRANGDP-RXN	MR1
METHIONYL-TRNA-FORMYLTRANSFERASE-RXN	MR1
METHYLCROTONYL-COA-CARBOXYLASE-RXN	MR1
METHYLISOCITRATE-LYASE-RXN	MR1
METHYLMALONYL-COA-EPIM-RXN	MR1
MORPHINE-6-DEHYDROGENASE-RXN	MR1
MYO-INOSITOL-1OR-4-MONOPHOSPHATASE-RXN	MR1
MYRISTOYLACYLTRAN-RXN	MR1
MYRPALMTRAN-RXN	MR1
N-ACETYLGLUCOSAMINE-KINASE-RXN	MR1
N-ACETYLNEURAMINATE-SYNTHASE-RXN	MR1
N-ACYLMANNOSAMINE-KINASE-RXN	MR1
NAD-SYNTH-GLN-RXN	MR1
NADPH-DEHYDROGENASE-RXN	MR1
NADPYROPHOSPHAT-RXN	MR1
NAG1P-URIDYLTRANS-RXN	MR1
NAG6PDEACET-RXN	MR1
NANK-RXN	MR1
NITRATE-REDUCTASE-CYTOCHROME-RXN	MR1
NITRIC-OXIDE-REDUCTASE-RXN	MR1
NITRITE-REDUCTASE-CYTOCHROME-RXN	MR1
NQOR-RXN	MR1
O-SUCCINYLBENZOATE-COA-LIG-RXN	MR1
OXALODECARB-RXN	MR1
P-PANTOCYSLIG-RXN	MR1
PANTOTHENATE-KIN-RXN	MR1
PDXJ-RXN	MR1
PEPSYNTH-RXN	MR1
PEPTIDYLPROLYL-ISOMERASE-RXN	MR1
PGLUCONDEHYDRAT-RXN	MR1
PGLYCEROLTRANSI-RXN	MR1
PGPPHOSPHA-RXN	MR1
PHOSACETYLGLUCOSAMINEMUT-RXN	MR1
PHOSICITDEHASE-RXN	MR1
PHOSMANMUT-RXN	MR1
PHOSPHASERDECARB-RXN	MR1
PHOSPHASERSYN-RXN	MR1
PHOSPHOKETOLASE-RXN	MR1
PHOSPHOLIPASE-A1-RXN	MR1
PHOSPHOLIPASE-A2-RXN	MR1
PHOSPHORIBULOKINASE-RXN	MR1
PMPOXI-RXN	MR1
PNPOXI-RXN	MR1
POLYNUCLEOTIDE-ADENYLYLTRANSFERASE-RXN	MR1
PREPHENATE-DEHYDROGENASE-NADP+-RXN	MR1
PROPANEDIOL-DEHYDRATASE-RXN	MR1
PROPIONYL-COA-CARBOXY-RXN	MR1
PROTEIN-TYROSINE-PHOSPHATASE-RXN	MR1
PROTOPORGENOXI-RXN	MR1
PYRIMSYN1-RXN	MR1
PYRIMSYN3-RXN	MR1
PYROGLUTAMYL-PEPTIDASE-I-RXN	MR1
PYRUVATEORTHOPHOSPHATE-DIKINASE-RXN	MR1
QUEUOSINE-TRNA-RIBOSYLTRANSFERASE-RXN	MR1
QUINOLINATE-SYNTHA-RXN	MR1
R101-RXN	MR1
R125-RXN	MR1
R322-RXN	MR1
R341-RXN	MR1
R342-RXN	MR1
R601-RXN	MR1
RETINYL-PALMITATE-ESTERASE-RXN	MR1
RIB5PISOM-RXN	MR1
RIBOFLAVIN-SYN-RXN	MR1
RIBOFLAVINKIN-RXN	MR1
RIBOFLAVINSYNDEAM-RXN	MR1
RIBOFLAVINSYNREDUC-RXN	MR1
RIBONUCLEOSIDE-DIP-REDUCTI-RXN	MR1
RIBONUCLEOSIDE-DIP-REDUCTII-RXN	MR1
RNA-DIRECTED-RNA-POLYMERASE-RXN	MR1
RR-BUTANEDIOL-DEHYDROGENASE-RXN	MR1
RXN-0	MR1
RXN-10058	MR1
RXN-10462	MR1
RXN-10654	MR1
RXN-10655	MR1
RXN-10656	MR1
RXN-10657	MR1
RXN-10658	MR1
RXN-10659	MR1
RXN-10660	MR1
RXN-10661	MR1
RXN-10708	MR1
RXN-10711	MR1
RXN-10767	MR1
RXN-10837	MR1
RXN-10847	MR1
RXN-10949	MR1
RXN-10952	MR1
RXN-10953	MR1
RXN-10954	MR1
RXN-11065	MR1
RXN-11080	MR1
RXN-11136	MR1
RXN-11291	MR1
RXN-11302	MR1
RXN-11322	MR1
RXN-11328	MR1
RXN-11348	MR1
RXN-11350	MR1
RXN-11351	MR1
RXN-11361	MR1
RXN-11474	MR1
RXN-11475	MR1
RXN-11476	MR1
RXN-11477	MR1
RXN-11478	MR1
RXN-11479	MR1
RXN-11480	MR1
RXN-11481	MR1
RXN-11482	MR1
RXN-11484	MR1
RXN-11574	MR1
RXN-11576	MR1
RXN-11578	MR1
RXN-11586	MR1
RXN-11588	MR1
RXN-11589	MR1
RXN-11591	MR1
RXN-11592	MR1
RXN-11598	MR1
RXN-11601	MR1
RXN-11627	MR1
RXN-11633	MR1
RXN-11638	MR1
RXN-11737	MR1
RXN-11754	MR1
RXN-11758	MR1
RXN-11832	MR1
RXN-11836	MR1
RXN-11837	MR1
RXN-11839	MR1
RXN-11840	MR1
RXN-11841	MR1
RXN-11842	MR1
RXN-11845	MR1
RXN-11867	MR1
RXN-12019	MR1
RXN-12074	MR1
RXN-12093	MR1
RXN-12104	MR1
RXN-12130	MR1
RXN-12160	MR1
RXN-12224	MR1
RXN-12241	MR1
RXN-12252	MR1
RXN-12303	MR1
RXN-12398	MR1
RXN-12399	MR1
RXN-12400	MR1
RXN-12430	MR1
RXN-12456	MR1
RXN-12458	MR1
RXN-12460	MR1
RXN-12472	MR1
RXN-12480	MR1
RXN-12481	MR1
RXN-12560	MR1
RXN-12575	MR1
RXN-12588	MR1
RXN-12613	MR1
RXN-12625	MR1
RXN-12626	MR1
RXN-12717	MR1
RXN-12730	MR1
RXN-12979	MR1
RXN-13008	MR1
RXN-13009	MR1
RXN-13028	MR1
RXN-13279	MR1
RXN-13313	MR1
RXN-13323	MR1
RXN-13697	MR1
RXN-13758	MR1
RXN-13759	MR1
RXN-13805	MR1
RXN-1381	MR1
RXN-13909	MR1
RXN-14014	MR1
RXN-14025	MR1
RXN-14026	MR1
RXN-14064	MR1
RXN-14073	MR1
RXN-14090	MR1
RXN-14091	MR1
RXN-14112	MR1
RXN-14113	MR1
RXN-14115	MR1
RXN-14116	MR1
RXN-14118	MR1
RXN-14124	MR1
RXN-14126	MR1
RXN-14136	MR1
RXN-14227	MR1
RXN-14245	MR1
RXN-14247	MR1
RXN-14267	MR1
RXN-14270	MR1
RXN-14304	MR1
RXN-14385	MR1
RXN-14461	MR1
RXN-14517	MR1
RXN-14569	MR1
RXN-14686	MR1
RXN-14712	MR1
RXN-14903	MR1
RXN-14963	MR1
RXN-14970	MR1
RXN-14971	MR1
RXN-14992	MR1
RXN-15041	MR1
RXN-15043	MR1
RXN-15045	MR1
RXN-15047	MR1
RXN-15065	MR1
RXN-15067	MR1
RXN-15068	MR1
RXN-15130	MR1
RXN-15275	MR1
RXN-15309	MR1
RXN-15313	MR1
RXN-15358	MR1
RXN-15378	MR1
RXN-15521	MR1
RXN-15635	MR1
RXN-15733	MR1
RXN-15740	MR1
RXN-15745	MR1
RXN-15838	MR1
RXN-15881	MR1
RXN-16024	MR1
RXN-16025	MR1
RXN-16032	MR1
RXN-16067	MR1
RXN-16076	MR1
RXN-16077	MR1
RXN-16117	MR1
RXN-16118	MR1
RXN-16138	MR1
RXN-16139	MR1
RXN-16190	MR1
RXN-16194	MR1
RXN-16201	MR1
RXN-1623	MR1
RXN-16322	MR1
RXN-16391	MR1
RXN-16427	MR1
RXN-16614	MR1
RXN-16615	MR1
RXN-16616	MR1
RXN-16619	MR1
RXN-16620	MR1
RXN-16621	MR1
RXN-16622	MR1
RXN-16623	MR1
RXN-16624	MR1
RXN-16625	MR1
RXN-16626	MR1
RXN-16627	MR1
RXN-16628	MR1
RXN-16629	MR1
RXN-16630	MR1
RXN-16631	MR1
RXN-16632	MR1
RXN-16637	MR1
RXN-16649	MR1
RXN-16650	MR1
RXN-16659	MR1
RXN-16664	MR1
RXN-16707	MR1
RXN-16750	MR1
RXN-16761	MR1
RXN-16788	MR1
RXN-16820	MR1
RXN-16937	MR1
RXN-16938	MR1
RXN-17008	MR1
RXN-17009	MR1
RXN-17010	MR1
RXN-17011	MR1
RXN-17012	MR1
RXN-17013	MR1
RXN-17014	MR1
RXN-17015	MR1
RXN-17016	MR1
RXN-17017	MR1
RXN-17018	MR1
RXN-17019	MR1
RXN-17020	MR1
RXN-17021	MR1
RXN-17022	MR1
RXN-17023	MR1
RXN-17024	MR1
RXN-17678	MR1
RXN-17729	MR1
RXN-17731	MR1
RXN-17735	MR1
RXN-17736	MR1
RXN-17846	MR1
RXN-17847	MR1
RXN-17848	MR1
RXN-17884	MR1
RXN-17898	MR1
RXN-17899	MR1
RXN-17951	MR1
RXN-18082	MR1
RXN-18092	MR1
RXN-18272	MR1
RXN-18357	MR1
RXN-18435	MR1
RXN-18510	MR1
RXN-18511	MR1
RXN-18600	MR1
RXN-18605	MR1
RXN-18693	MR1
RXN-18840	MR1
RXN-19024	MR1
RXN-19025	MR1
RXN-19026	MR1
RXN-19040	MR1
RXN-19242	MR1
RXN-19243	MR1
RXN-19244	MR1
RXN-19245	MR1
RXN-19246	MR1
RXN-19247	MR1
RXN-19248	MR1
RXN-19249	MR1
RXN-19253	MR1
RXN-19256	MR1
RXN-19310	MR1
RXN-19313	MR1
RXN-19314	MR1
RXN-19315	MR1
RXN-19319	MR1
RXN-19320	MR1
RXN-19322	MR1
RXN-19323	MR1
RXN-19324	MR1
RXN-19326	MR1
RXN-19329	MR1
RXN-19536	MR1
RXN-1961	MR1
RXN-19618	MR1
RXN-19619	MR1
RXN-19671	MR1
RXN-19726	MR1
RXN-19727	MR1
RXN-19728	MR1
RXN-19729	MR1
RXN-19736	MR1
RXN-19765	MR1
RXN-19944	MR1
RXN-20037	MR1
RXN-20401	MR1
RXN-20407	MR1
RXN-20409	MR1
RXN-20481	MR1
RXN-20482	MR1
RXN-20490	MR1
RXN-20498	MR1
RXN-20512	MR1
RXN-20513	MR1
RXN-20524	MR1
RXN-20525	MR1
RXN-20528	MR1
RXN-20543	MR1
RXN-20546	MR1
RXN-20548	MR1
RXN-20552	MR1
RXN-20554	MR1
RXN-20555	MR1
RXN-20556	MR1
RXN-20557	MR1
RXN-20558	MR1
RXN-20559	MR1
RXN-20560	MR1
RXN-20561	MR1
RXN-20562	MR1
RXN-20564	MR1
RXN-20565	MR1
RXN-20784	MR1
RXN-20785	MR1
RXN-20786	MR1
RXN-20788	MR1
RXN-20789	MR1
RXN-20792	MR1
RXN-20894	MR1
RXN-20897	MR1
RXN-20917	MR1
RXN-20927	MR1
RXN-20947	MR1
RXN-21079	MR1
RXN-21266	MR1
RXN-21295	MR1
RXN-21393	MR1
RXN-21394	MR1
RXN-21405	MR1
RXN-21414	MR1
RXN-21432	MR1
RXN-21482	MR1
RXN-21483	MR1
RXN-21514	MR1
RXN-21560	MR1
RXN-21566	MR1
RXN-21601	MR1
RXN-21614	MR1
RXN-21615	MR1
RXN-21616	MR1
RXN-21617	MR1
RXN-21618	MR1
RXN-21619	MR1
RXN-21620	MR1
RXN-21621	MR1
RXN-21622	MR1
RXN-21623	MR1
RXN-21624	MR1
RXN-21625	MR1
RXN-21626	MR1
RXN-21627	MR1
RXN-21628	MR1
RXN-21629	MR1
RXN-21631	MR1
RXN-21632	MR1
RXN-21633	MR1
RXN-21634	MR1
RXN-21635	MR1
RXN-21636	MR1
RXN-21637	MR1
RXN-21645	MR1
RXN-21646	MR1
RXN-21647	MR1
RXN-21649	MR1
RXN-21650	MR1
RXN-21651	MR1
RXN-21652	MR1
RXN-21654	MR1
RXN-21655	MR1
RXN-21656	MR1
RXN-21657	MR1
RXN-21659	MR1
RXN-21660	MR1
RXN-21661	MR1
RXN-21662	MR1
RXN-21664	MR1
RXN-21665	MR1
RXN-21666	MR1
RXN-21667	MR1
RXN-21669	MR1
RXN-21670	MR1
RXN-21671	MR1
RXN-21672	MR1
RXN-21676	MR1
RXN-21677	MR1
RXN-21678	MR1
RXN-21680	MR1
RXN-21681	MR1
RXN-21682	MR1
RXN-21683	MR1
RXN-21685	MR1
RXN-21686	MR1
RXN-21687	MR1
RXN-21688	MR1
RXN-21690	MR1
RXN-21691	MR1
RXN-21692	MR1
RXN-21693	MR1
RXN-21695	MR1
RXN-21696	MR1
RXN-21698	MR1
RXN-21699	MR1
RXN-21701	MR1
RXN-21702	MR1
RXN-21703	MR1
RXN-21704	MR1
RXN-21730	MR1
RXN-2364	MR1
RXN-2464	MR1
RXN-2962	MR1
RXN-5841	MR1
RXN-5901	MR1
RXN-600	MR1
RXN-6341	MR1
RXN-6501	MR1
RXN-6601	MR1
RXN-7253	MR1
RXN-7421	MR1
RXN-7563	MR1
RXN-7607	MR1
RXN-7609	MR1
RXN-7668	MR1
RXN-7716	MR1
RXN-7719	MR1
RXN-7774	MR1
RXN-7784	MR1
RXN-7793	MR1
RXN-7919	MR1
RXN-8344	MR1
RXN-8348	MR1
RXN-8391	MR1
RXN-8505	MR1
RXN-8629	MR1
RXN-8668	MR1
RXN-8672	MR1
RXN-8673	MR1
RXN-8674	MR1
RXN-8760	MR1
RXN-8770	MR1
RXN-8807	MR1
RXN-8850	MR1
RXN-8992	MR1
RXN-8999	MR1
RXN-9157	MR1
RXN-9223	MR1
RXN-9225	MR1
RXN-9227	MR1
RXN-9229	MR1
RXN-9231	MR1
RXN-9233	MR1
RXN-9235	MR1
RXN-9237	MR1
RXN-9238	MR1
RXN-9240	MR1
RXN-9242	MR1
RXN-9310	MR1
RXN-9380	MR1
RXN-9382	MR1
RXN-9393	MR1
RXN-9394	MR1
RXN-9421	MR1
RXN-9432	MR1
RXN-9436	MR1
RXN-9443	MR1
RXN-9514	MR1
RXN-9516	MR1
RXN-9518	MR1
RXN-9520	MR1
RXN-9523	MR1
RXN-9524	MR1
RXN-9527	MR1
RXN-9528	MR1
RXN-9531	MR1
RXN-9532	MR1
RXN-9533	MR1
RXN-9535	MR1
RXN-9536	MR1
RXN-9537	MR1
RXN-9539	MR1
RXN-9540	MR1
RXN-9552	MR1
RXN-9556	MR1
RXN-9557	MR1
RXN-9558	MR1
RXN-9632	MR1
RXN-9633	MR1
RXN-9634	MR1
RXN-9635	MR1
RXN-9648	MR1
RXN-9650	MR1
RXN-9651	MR1
RXN-9652	MR1
RXN-9653	MR1
RXN-9654	MR1
RXN-9655	MR1
RXN-9657	MR1
RXN-9658	MR1
RXN-9659	MR1
RXN-9660	MR1
RXN-9661	MR1
RXN-9662	MR1
RXN-9663	MR1
RXN-969	MR1
RXN-9787	MR1
RXN-9789	MR1
RXN-982	MR1
RXN-9847	MR1
RXN-9866	MR1
RXN-9939	MR1
RXN-9984	MR1
RXN0-1132	MR1
RXN0-1133	MR1
RXN0-1147	MR1
RXN0-1241	MR1
RXN0-1321	MR1
RXN0-1342	MR1
RXN0-1441	MR1
RXN0-1461	MR1
RXN0-1483	MR1
RXN0-1863	MR1
RXN0-2023	MR1
RXN0-2141	MR1
RXN0-2142	MR1
RXN0-2144	MR1
RXN0-2145	MR1
RXN0-2361	MR1
RXN0-2605	MR1
RXN0-262	MR1
RXN0-271	MR1
RXN0-2921	MR1
RXN0-4022	MR1
RXN0-4222	MR1
RXN0-4301	MR1
RXN0-4341	MR1
RXN0-4401	MR1
RXN0-4621	MR1
RXN0-5038	MR1
RXN0-5055	MR1
RXN0-5063	MR1
RXN0-5144	MR1
RXN0-5204	MR1
RXN0-5224	MR1
RXN0-5225	MR1
RXN0-5226	MR1
RXN0-5227	MR1
RXN0-5258-Yeast	MR1
RXN0-5260	MR1
RXN0-5293	MR1
RXN0-5329	MR1
RXN0-5398	MR1
RXN0-5408	MR1
RXN0-5418	MR1
RXN0-5507	MR1
RXN0-5514	MR1
RXN0-5515	MR1
RXN0-6259	MR1
RXN0-6274	MR1
RXN0-6359	MR1
RXN0-6366	MR1
RXN0-6478	MR1
RXN0-6479	MR1
RXN0-6483	MR1
RXN0-6484	MR1
RXN0-6485	MR1
RXN0-6515	MR1
RXN0-6521	MR1
RXN0-6522	MR1
RXN0-6523	MR1
RXN0-6524	MR1
RXN0-6525	MR1
RXN0-6550	MR1
RXN0-6575	MR1
RXN0-6705	MR1
RXN0-6725	MR1
RXN0-6731	MR1
RXN0-6950	MR1
RXN0-6952	MR1
RXN0-6998	MR1
RXN0-7008	MR1
RXN0-7022	MR1
RXN0-7165	MR1
RXN0-722	MR1
RXN0-747	MR1
RXN0-748	MR1
RXN18C3-61	MR1
RXN1G-1435	MR1
RXN1G-1436	MR1
RXN1G-1437	MR1
RXN1G-1438	MR1
RXN1G-1439	MR1
RXN1G-157	MR1
RXN1G-2544	MR1
RXN1G-30	MR1
RXN1G-320	MR1
RXN1G-349	MR1
RXN1G-3641	MR1
RXN1G-368	MR1
RXN1G-395	MR1
RXN1G-4355	MR1
RXN1G-445	MR1
RXN1G-469	MR1
RXN1G-53	MR1
RXN1G-674	MR1
RXN1G01-65	MR1
RXN1YI0-11	MR1
RXN1YI0-14	MR1
RXN1YI0-16	MR1
RXN3O-102	MR1
RXN3O-54	MR1
RXN66-336	MR1
RXN66-550	MR1
RXN66-613	MR1
RXN66-617	MR1
RXN66-621	MR1
RXN66-625	MR1
RXN66-629	MR1
RXN66-633	MR1
RXN66-638	MR1
RXN66-647	MR1
RXNQT-4366	MR1
S-2-HYDROXY-ACID-OXIDASE-RXN	MR1
S-FORMYLGLUTATHIONE-HYDROLASE-RXN	MR1
SELENOCYSTEINE-LYASE-RXN	MR1
SIROHEME-FERROCHELAT-RXN	MR1
SPERMACTRAN-RXN	MR1
SUCCCOASYN-RXN	MR1
SUCCINATE-DEHYDROGENASE-UBIQUINONE-RXN	MR1
SUCCINATE-DEHYDROGENASE-UBIQUINONE6-RXN	MR1
SUGAR-PHOSPHATASE-RXN	MR1
SULFITE-REDUCT-RXN	MR1
SUPEROX-DISMUT-RXN	MR1
TEICHOICSYN2-RXN	MR1
TEICHOICSYN5-RXN	MR1
TETRAACYLDISACC4KIN-RXN	MR1
THI-P-KIN-RXN	MR1
THIAMINASE-RXN	MR1
THIAZOLSYN2-RXN	MR1
THIOSULFATE-SULFURTRANSFERASE-RXN	MR1
THYMIDYLATESYN-RXN	MR1
TRANS-RXN-214	MR1
TRANS-RXN0-277	MR1
TRANS-RXN0-503	MR1
TRANS-RXN0-504	MR1
TRE6PHYDRO-RXN	MR1
TREHALOSEPHOSPHA-RXN	MR1
TRNA-GUANINE-N7--METHYLTRANSFERASE-RXN	MR1
TRNA-PSEUDOURIDINE-SYNTHASE-I-RXN	MR1
TRNA-URACIL-5--METHYLTRANSFERASE-RXN	MR1
TRYPTOPHAN--TRNA-LIGASE-RXN	MR1
TYROSINE-PHENOL-LYASE-RXN	MR1
UDP-NACMURALA-GLU-LIG-RXN	MR1
UDP-NACMURALGLDAPAALIG-RXN	MR1
UDP-NACMURALGLDAPLIG-RXN	MR1
UDPACYLGLCNACDEACETYL-RXN	MR1
UDPNACETYLGLUCOSAMACYLTRANS-RXN	MR1
UDPREDUCT-RXN	MR1
UDPSUGARHYDRO-RXN	MR1
URA-PHOSPH-RXN	MR1
URIDINEKIN-RXN	MR1
URITRANS-RXN	MR1
URKI-RXN	MR1
URPHOS-RXN	MR1
XMPXAN-RXN	MR1
1.1.1.136-RXN	MR2
1.1.1.271-RXN	MR2
1.1.1.34-RXN	MR2
1.12.5.1-RXN	MR2
1.15.1.2-RXN	MR2
1.2.1.27-RXN	MR2
1.2.1.66-RXN	MR2
1.2.7.7-RXN	MR2
1.21.4.1-RXN	MR2
1.21.4.3-RXN	MR2
1.21.4.4-RXN	MR2
1.3.1.54-RXN	MR2
1.4.1.11-RXN	MR2
1.5.1.20-RXN	MR2
1.5.1.7-RXN	MR2
1.8.4.8-RXN	MR2
2-OXOBUTYRATE-SYNTHASE-RXN	MR2
2-OXOGLUTARATE-SYNTHASE-RXN	MR2
2.1.1.130-RXN	MR2
2.1.1.133-RXN	MR2
2.5.1.64-RXN	MR2
2.6.1.50-RXN	MR2
2.7.1.63-RXN	MR2
2.7.1.68-RXN	MR2
2.7.3.9-RXN	MR2
2.7.7.13-RXN	MR2
2.8.3.10-RXN	MR2
2.8.3.17-RXN	MR2
2OXOGLUTDECARB-RXN	MR2
3-HYDROXYBUTYRYL-COA-DEHYDROGENASE-RXN	MR2
3.1.2.23-RXN	MR2
3.1.21.2-RXN	MR2
3.1.26.5-RXN	MR2
3.1.3.46-RXN	MR2
3.2.1.10-RXN	MR2
3.2.1.141-RXN	MR2
3.2.1.21-RXN	MR2
3.2.1.39-RXN	MR2
3.2.1.49-RXN	MR2
3.2.1.65-RXN	MR2
3.2.1.78-RXN	MR2
3.2.1.8-RXN	MR2
3.2.1.80-RXN	MR2
3.2.1.89-RXN	MR2
3.2.1.96-RXN	MR2
3.2.1.97-RXN	MR2
3.2.2.15-RXN	MR2
3.4.11.1-RXN	MR2
3.4.11.10-RXN	MR2
3.4.11.2-RXN	MR2
3.4.11.4-RXN	MR2
3.4.13.22-RXN	MR2
3.4.14.5-RXN	MR2
3.4.17.19-RXN	MR2
3.4.19.5-RXN	MR2
3.4.21.108-RXN	MR2
3.4.21.88-RXN	MR2
3.4.22.10-RXN	MR2
3.4.22.37-RXN	MR2
3.4.24.71-RXN	MR2
3.6.3.28-RXN	MR2
3PGAREARR-RXN	MR2
4.1.1.82-RXN	MR2
4.2.2.2-RXN	MR2
4.2.99.18-RXN	MR2
4.3.1.14-RXN	MR2
4.99.1.3-RXN	MR2
5-METHYLTHIORIBOSE-KINASE-RXN	MR2
5.3.1.17-RXN	MR2
5.3.1.23-RXN	MR2
5.4.99.15-RXN	MR2
6PGLUCONOLACT-RXN	MR2
ABC-23-RXN	MR2
ABC-27-RXN	MR2
ACETOLACTATE-DECARBOXYLASE-RXN	MR2
ACETYL-COA-HYDROLASE-RXN	MR2
ADENPHOSPHOR-RXN	MR2
ADOMET-DMK-METHYLTRANSFER-RXN	MR2
AGMATIN-RXN	MR2
AKBLIG-RXN	MR2
ALANINE--GLYOXYLATE-AMINOTRANSFERASE-RXN	MR2
ALANINE-AMINOTRANSFERASE-RXN	MR2
ALKAPHOSPHA-RXN	MR2
ALLANTOINASE-RXN	MR2
ALPHA-L-FUCOSIDASE-RXN	MR2
ALPHAGALACTOSID-RXN	MR2
ALTRO-OXIDOREDUCT-RXN	MR2
AMINOACYLASE-RXN	MR2
AMINOGLYCOSIDE-N3-ACETYLTRANSFERASE-RXN	MR2
AMYLOSUCRASE-RXN	MR2
ARABISOM-RXN	MR2
ARGDECARBOX-RXN	MR2
ARGINYLTRANSFERASE-RXN	MR2
ASNSYNA-RXN	MR2
ASNSYNB-RXN	MR2
ASPARAGINE--TRNA-LIGASE-RXN	MR2
ASPARTASE-RXN	MR2
ASPARTATE--TRNA-LIGASE-RXN	MR2
BETA-LYSINE-56-AMINOMUTASE-RXN	MR2
BTUR2-RXN	MR2
BUTYRATE-KINASE-RXN	MR2
BUTYRYL-COA-DEHYDROGENASE-RXN	MR2
CDPKIN-RXN	MR2
CELLOBIOSE-EPIMERASE-RXN	MR2
CHER-RXN	MR2
CHORISMATEMUT-RXN	MR2
CITRYLY-RXN	MR2
CITTRANS-RXN	MR2
COA-DISULFIDE-REDUCTASE-NADH-RXN	MR2
CYTOCHROME-C3-HYDROGENASE-RXN	MR2
D-LACTATE-DEHYDROGENASE-CYTOCHROME-RXN	MR2
D-LYSINE-56-AMINOMUTASE-RXN	MR2
DADPKIN-RXN	MR2
DAHPSYN-RXN	MR2
DCDPKIN-RXN	MR2
DEOXYADENPHOSPHOR-RXN	MR2
DEOXYCYTIDINE-KINASE-RXN	MR2
DEOXYGUANPHOSPHOR-RXN	MR2
DEOXYINOPHOSPHOR-RXN	MR2
DEOXYRIBOSE-P-ALD-RXN	MR2
DGDPKIN-RXN	MR2
DIAMINOPIMELATE-DEHYDROGENASE-RXN	MR2
DIAMINOPIMEPIM-RXN	MR2
DIHYDROOROTATE-DEHYDROGENASE-RXN	MR2
DMK-RXN	MR2
DNA-CYTOSINE-5--METHYLTRANSFERASE-RXN	MR2
DTDPKIN-RXN	MR2
DTMPKI-RXN	MR2
DUDPKIN-RXN	MR2
DXPREDISOM-RXN	MR2
ENTDB-RXN	MR2
FARNESYLTRANSTRANSFERASE-RXN	MR2
FGAMSYN-RXN	MR2
FORMIMINOGLUTAMASE-RXN	MR2
FORMYLTHFDEFORMYL-RXN	MR2
FUCISOM-RXN	MR2
GABATRANSAM-RXN	MR2
GCVT-RXN	MR2
GDPKIN-RXN	MR2
GDPMANDEHYDRA-RXN	MR2
GLU6PDEHYDROG-RXN	MR2
GLUCONOKIN-RXN	MR2
GLUCOSAMINE-6-P-DEAMIN-RXN	MR2
GLUTACONATE-COA-TRANSFERASE-RXN	MR2
GLUTAMATE-FORMIMINOTRANSFERASE-RXN	MR2
GLUTAMIN-RXN	MR2
GLUTCYSLIG-RXN	MR2
GLUTRNAREDUCT-RXN	MR2
GLYCEROL-KIN-RXN	MR2
GLYCINE-AMIDINOTRANSFERASE-RXN	MR2
GLYOCARBOLIG-RXN	MR2
GLYOXYLATE-REDUCTASE-NADP+-RXN	MR2
GSAAMINOTRANS-RXN	MR2
GSADENYLATION-RXN	MR2
GSDEADENYLATION-RXN	MR2
GUANINE-DEAMINASE-RXN	MR2
HEMEOSYN-RXN	MR2
HEXOKINASE-RXN	MR2
HISTIDINE-AMMONIA-LYASE-RXN	MR2
HOLO-ACP-SYNTH-RXN	MR2
HOMOCYSTEINE-DESULFHYDRASE-RXN	MR2
HOMOSERKIN-RXN	MR2
HYDROXYLAMINE-REDUCTASE-RXN	MR2
HYDROXYPYRUVATE-REDUCTASE-RXN	MR2
IGPSYN-RXN	MR2
IMIDAZOLONEPROPIONASE-RXN	MR2
INOPHOSPHOR-RXN	MR2
INORGPYROPHOSPHAT-RXN	MR2
IPPISOM-RXN	MR2
ISOCHORSYN-RXN	MR2
ISOCITDEH-RXN	MR2
ISOCITRATE-DEHYDROGENASE-NAD+-RXN	MR2
KDOTRANS2-RXN	MR2
L-LACTATE-DEHYDROGENASE-RXN	MR2
LACTALDDEHYDROG-RXN	MR2
LCYSDESULF-RXN	MR2
LYSYLTRANSFERASE-RXN	MR2
MALATE-DEH-RXN	MR2
MALATE-DEHYDROGENASE-ACCEPTOR-RXN	MR2
MANNONDEHYDRAT-RXN	MR2
MANNONOXIDOREDUCT-RXN	MR2
MANNPISOM-RXN	MR2
METHGLYSYN-RXN	MR2
METHIONINE-GAMMA-LYASE-RXN	MR2
METHYLASPARTATE-AMMONIA-LYASE-RXN	MR2
METHYLASPARTATE-MUTASE-RXN	MR2
MEVALONATE-KINASE-RXN	MR2
MYO-INOSITOL-1-PHOSPHATE-SYNTHASE-RXN	MR2
MYO-INOSITOL-2-DEHYDROGENASE-RXN	MR2
MYO-INOSOSE-2-DEHYDRATASE-RXN	MR2
N-ACYLGLUCOSAMINE-2-EPIMERASE-RXN	MR2
N-CARBAMOYLPUTRESCINE-AMIDASE-RXN	MR2
NAPHTHOATE-SYN-RXN	MR2
NITROGENASE-RXN	MR2
NUCLEOSIDE-DIP-KIN-RXN	MR2
O-SUCCINYLBENZOATE-COA-SYN-RXN	MR2
OROTATE-REDUCTASE-NADH-RXN	MR2
PABASYN-RXN	MR2
PALMITOYL-COA-HYDROLASE-RXN	MR2
PANTOATE-BETA-ALANINE-LIG-RXN	MR2
PEPCARBOXYKIN-RXN	MR2
PHOSACETYLTRANS-RXN	MR2
PHOSPHAGLYPSYN-RXN	MR2
PHOSPHATE-BUTYRYLTRANSFERASE-RXN	MR2
PHOSPHOENOLPYRUVATE-MUTASE-RXN	MR2
PHOSPHOGLUCMUT-RXN	MR2
PHOSPHOMEVALONATE-KINASE-RXN	MR2
PNKIN-RXN	MR2
PNP-RXN	MR2
POLYPHOSPHATE-KINASE-RXN	MR2
PORPHOBILSYNTH-RXN	MR2
PREPHENATEDEHYDRAT-RXN	MR2
PREPHENATEDEHYDROG-RXN	MR2
PROLINE-RACEMASE-RXN	MR2
PROPCOASYN-RXN	MR2
PROTOHEMEFERROCHELAT-RXN	MR2
PSERPHOSPHA-RXN	MR2
PTAALT-RXN	MR2
PYRAMKIN-RXN	MR2
PYRIDOXKIN-RXN	MR2
PYRROLINECARBREDUCT-RXN	MR2
QUINOPRIBOTRANS-RXN	MR2
R229-RXN	MR2
R381-RXN	MR2
RIBOKIN-RXN	MR2
RNA-DIRECTED-DNA-POLYMERASE-RXN	MR2
RNA-LIGASE-ATP-RXN	MR2
RXN-10035	MR2
RXN-10620	MR2
RXN-10642	MR2
RXN-10674	MR2
RXN-10769	MR2
RXN-10773	MR2
RXN-1082	MR2
RXN-10994	MR2
RXN-11046	MR2
RXN-11047	MR2
RXN-11063	MR2
RXN-11064	MR2
RXN-11148	MR2
RXN-11213	MR2
RXN-11323	MR2
RXN-11326	MR2
RXN-11327	MR2
RXN-11501	MR2
RXN-11696	MR2
RXN-11715	MR2
RXN-11743	MR2
RXN-12088	MR2
RXN-12345	MR2
RXN-12466	MR2
RXN-12558	MR2
RXN-12559	MR2
RXN-12720	MR2
RXN-12977	MR2
RXN-13037	MR2
RXN-13403	MR2
RXN-13430	MR2
RXN-13435	MR2
RXN-13449	MR2
RXN-13602	MR2
RXN-13603	MR2
RXN-13698	MR2
RXN-13946	MR2
RXN-13997	MR2
RXN-14029	MR2
RXN-14047	MR2
RXN-14098	MR2
RXN-14099	MR2
RXN-14100	MR2
RXN-14120	MR2
RXN-14177	MR2
RXN-14179	MR2
RXN-14189	MR2
RXN-14228	MR2
RXN-14338	MR2
RXN-14640	MR2
RXN-14756	MR2
RXN-14950	MR2
RXN-14957	MR2
RXN-14959	MR2
RXN-15087	MR2
RXN-15162	MR2
RXN-15164	MR2
RXN-15165	MR2
RXN-15261	MR2
RXN-15264	MR2
RXN-15344	MR2
RXN-15709	MR2
RXN-15710	MR2
RXN-15889	MR2
RXN-16006	MR2
RXN-16063	MR2
RXN-16395	MR2
RXN-16759	MR2
RXN-17127	MR2
RXN-17524	MR2
RXN-17809	MR2
RXN-17830	MR2
RXN-17888	MR2
RXN-17889	MR2
RXN-17890	MR2
RXN-17891	MR2
RXN-18388	MR2
RXN-1841	MR2
RXN-18814	MR2
RXN-18846	MR2
RXN-19335	MR2
RXN-19339	MR2
RXN-19368	MR2
RXN-19369	MR2
RXN-19378	MR2
RXN-19379	MR2
RXN-19477	MR2
RXN-19493	MR2
RXN-19503	MR2
RXN-19534	MR2
RXN-19667	MR2
RXN-19668	MR2
RXN-19895	MR2
RXN-19897	MR2
RXN-20190	MR2
RXN-20400	MR2
RXN-20406	MR2
RXN-20527	MR2
RXN-20645	MR2
RXN-20716	MR2
RXN-20791	MR2
RXN-21055	MR2
RXN-21214	MR2
RXN-21228	MR2
RXN-21315	MR2
RXN-21317	MR2
RXN-21557	MR2
RXN-21711	MR2
RXN-21792	MR2
RXN-21816	MR2
RXN-5341	MR2
RXN-7001	MR2
RXN-7241	MR2
RXN-7566	MR2
RXN-7572	MR2
RXN-7737	MR2
RXN-7929	MR2
RXN-8036	MR2
RXN-8340	MR2
RXN-8748	MR2
RXN-8764	MR2
RXN-8769	MR2
RXN-9190	MR2
RXN-9191	MR2
RXN-9204	MR2
RXN-9205	MR2
RXN-9217	MR2
RXN-9220	MR2
RXN-9358	MR2
RXN-9359	MR2
RXN-9360	MR2
RXN-9361	MR2
RXN-9362	MR2
RXN-9363	MR2
RXN-9365	MR2
RXN-9366	MR2
RXN-9624	MR2
RXN-9626	MR2
RXN-9627	MR2
RXN-9628	MR2
RXN-9629	MR2
RXN-9666	MR2
RXN-9674	MR2
RXN-9929	MR2
RXN-9952	MR2
RXN0-1134	MR2
RXN0-1141	MR2
RXN0-302	MR2
RXN0-3241	MR2
RXN0-4342	MR2
RXN0-4641	MR2
RXN0-5098	MR2
RXN0-5114	MR2
RXN0-5189	MR2
RXN0-5199	MR2
RXN0-5256	MR2
RXN0-5304	MR2
RXN0-5306	MR2
RXN0-6480	MR2
RXN0-6481	MR2
RXN0-6482	MR2
RXN0-6491	MR2
RXN0-6554	MR2
RXN0-742	MR2
RXN0-882	MR2
RXN0-947	MR2
RXN0-949	MR2
RXN18C3-14	MR2
RXN197R-54	MR2
RXN1G-121	MR2
RXN1G-186	MR2
RXN1G-2	MR2
RXN1G-4	MR2
RXN66-1	MR2
RXN66-546	MR2
RXN66-579	MR2
RXN8J2-140	MR2
RXNI-3	MR2
S-ADENOSYLHOMOCYSTEINE-DEAMINASE-RXN	MR2
SUCCDIAMINOPIMDESUCC-RXN	MR2
SUCCINYLDIAMINOPIMTRANS-RXN	MR2
SULFATE-ADENYLYLTRANS-RXN	MR2
TEICHOICSYN4-RXN	MR2
TETHYDPICSUCC-RXN	MR2
THIAZOLSYN3-RXN	MR2
THIOESTER-RXN	MR2
THREDEHYD-RXN	MR2
THREONINE-ALDOLASE-RXN	MR2
TRANS-2-ENOYL-COA-REDUCTASE-NAD+-RXN	MR2
TRANS-HEXAPRENYLTRANSTRANSFERASE-RXN	MR2
TRANS-RXN-165	MR2
TRANS-RXN-167A	MR2
TRANS-RXN-238	MR2
TRANSALDOL-RXN	MR2
TRNA-NUCLEOTIDYLTRANSFERASE-RXN	MR2
TRYPTOPHAN-RXN	MR2
UDP-N-ACETYLGLUCOSAMINE-4-EPIMERASE-RXN	MR2
UDPGLCNACEPIM-RXN	MR2
UDPKIN-RXN	MR2
UDPMANNACADEHYDROG-RXN	MR2
UGD-RXN	MR2
UROGENDECARBOX-RXN	MR2
UROGENIIISYN-RXN	MR2
VINYLACETYL-COA-DELTA-ISOMERASE-RXN	MR2
XANTHOSINEPHOSPHORY-RXN	MR2
1.17.4.2-RXN	MR3
2-HYDROXYGLUTARATE-DEHYDROGENASE-RXN	MR3
2-ISOPROPYLMALATESYN-RXN	MR3
2.1.1.132-RXN	MR3
2.1.1.63-RXN	MR3
2.3.1.180-RXN	MR3
2.3.1.89-RXN	MR3
2.4.1.125-RXN	MR3
2.5.1.19-RXN	MR3
2.5.1.41-RXN	MR3
2.6.1.57-RXN	MR3
2.7.13.3-RXN	MR3
2.7.7.61-RXN	MR3
2.7.7.8-RXN	MR3
2.7.8.24-RXN	MR3
2.7.8.25-RXN	MR3
2PGADEHYDRAT-RXN	MR3
3-DEHYDROQUINATE-DEHYDRATASE-RXN	MR3
3-DEHYDROQUINATE-SYNTHASE-RXN	MR3
3.1.11.6-RXN	MR3
3.1.26.11-RXN	MR3
3.1.26.3-RXN	MR3
3.1.26.4-RXN	MR3
3.1.4.37-RXN	MR3
3.4.11.18-RXN	MR3
3.4.21.62-RXN	MR3
3.4.21.72-RXN	MR3
3.4.21.92-RXN	MR3
3.4.25.1-RXN	MR3
3.5.1.27-RXN	MR3
3.5.1.88-RXN	MR3
3.5.2.17-RXN	MR3
3.6.3.30-RXN	MR3
3.6.4.6-RXN	MR3
4-NITROPHENYLPHOSPHATASE-RXN	MR3
5-DEHYDRO-2-DEOXYGLUCONOKINASE-RXN	MR3
5-FORMYL-THF-CYCLO-LIGASE-RXN	MR3
5.4.2.10-RXN	MR3
5.4.99.16-RXN	MR3
6-PHOSPHO-BETA-GALACTOSIDASE-RXN	MR3
6.1.1.23-RXN	MR3
6.3.5.7-RXN	MR3
6PFRUCTPHOS-RXN	MR3
ACETATEKIN-RXN	MR3
ACETOLACTREDUCTOISOM-RXN	MR3
ACETOLACTSYN-RXN	MR3
ACETOOHBUTREDUCTOISOM-RXN	MR3
ACETOOHBUTSYN-RXN	MR3
ACETYLGLUTKIN-RXN	MR3
ACETYLHOMOSER-CYS-RXN	MR3
ACETYLORNTRANSAM-RXN	MR3
ACSERLY-RXN	MR3
ACYLAMINOACYL-PEPTIDASE-RXN	MR3
ADENYL-KIN-RXN	MR3
ADENYLOSUCCINATE-SYNTHASE-RXN	MR3
AICARSYN-RXN	MR3
AICARTRANSFORM-RXN	MR3
AIRS-RXN	MR3
ALANINE-DEHYDROGENASE-RXN	MR3
ALARACECAT-RXN	MR3
ALCOHOL-DEHYDROG-GENERIC-RXN	MR3
ALCOHOL-DEHYDROG-RXN	MR3
AMPSYN-RXN	MR3
AMYLOMALT-RXN	MR3
ARGININE--TRNA-LIGASE-RXN	MR3
ARGSUCCINLYA-RXN	MR3
ARGSUCCINSYN-RXN	MR3
ASPARTATE-RACEMASE-RXN	MR3
ASPARTATE-SEMIALDEHYDE-DEHYDROGENASE-RXN	MR3
ASPARTATEKIN-RXN	MR3
ASPCARBTRANS-RXN	MR3
ATPPHOSPHORIBOSYLTRANS-RXN	MR3
ATPSYN-RXN	MR3
BADH-RXN	MR3
BETA-ALANYL-COA-AMMONIA-LYASE-RXN	MR3
BETA-GLUCURONID-RXN	MR3
BIOTINLIG-RXN	MR3
CARBPSYN-RXN	MR3
CATECHOL-2-3-DIOXYGENASE-RXN	MR3
CATECHOL-23-DIOXYGENASE-RXN	MR3
CDP-GLUCOSE-46-DEHYDRATASE-RXN	MR3
CHD-RXN	MR3
CHORISMATE-SYNTHASE-RXN	MR3
COBALAMIN5PSYN-RXN	MR3
COBALAMINSYN-RXN	MR3
CREATININASE-RXN	MR3
CYCLOMALTODEXTRINASE-RXN	MR3
CYSTEINE--TRNA-LIGASE-RXN	MR3
D-PPENTOMUT-RXN	MR3
DALADALALIG-RXN	MR3
DHLBXANAU-RXN	MR3
DIAMINOPIMDECARB-RXN	MR3
DIHYDRODIPICSYN-RXN	MR3
DIHYDROOROT-RXN	MR3
DIHYDROXYISOVALDEHYDRAT-RXN	MR3
DIHYDROXYMETVALDEHYDRAT-RXN	MR3
DMBPPRIBOSYLTRANS-RXN	MR3
DNA-DIRECTED-RNA-POLYMERASE-RXN	MR3
DNA-LIGASE-NAD+-RXN	MR3
DTDPGLUCDEHYDRAT-RXN	MR3
DTDPGLUCOSEPP-RXN	MR3
DXS-RXN	MR3
ERYTHRON4PDEHYDROG-RXN	MR3
F16ALDOLASE-RXN	MR3
FORMATETHFLIG-RXN	MR3
FUMARYLACETOACETASE-RXN	MR3
FUMHYDR-RXN	MR3
GALACTOACETYLTRAN-RXN	MR3
GALACTONDEHYDRAT-RXN	MR3
GALACTUROISOM-RXN	MR3
GLUC1PADENYLTRANS-RXN	MR3
GLUCARDEHYDRA-RXN	MR3
GLUCUROISOM-RXN	MR3
GLURS-RXN	MR3
GLUTAMATE-DEHYDROGENASE-RXN	MR3
GLUTAMATE-N-ACETYLTRANSFERASE-RXN	MR3
GLUTAMIDOTRANS-RXN	MR3
GLUTAMINESYN-RXN	MR3
GLUTKIN-RXN	MR3
GLUTSEMIALDEHYDROG-RXN	MR3
GLY3KIN-RXN	MR3
GLYCOGEN-BRANCH-RXN	MR3
GLYCOPHOSPHORYL-RXN	MR3
GLYMALTOPHOSPHORYL-RXN	MR3
GLYOHMETRANS-RXN	MR3
GLYRIBONUCSYN-RXN	MR3
GMP-SYN-GLUT-RXN	MR3
GTP-CYCLOHYDRO-I-RXN	MR3
GUANYL-KIN-RXN	MR3
HALOACETATE-DEHALOGENASE-RXN	MR3
HISTAMINOTRANS-RXN	MR3
HISTCYCLOHYD-RXN	MR3
HISTIDINE--TRNA-LIGASE-RXN	MR3
HISTIDPHOS-RXN	MR3
HISTPRATPHYD-RXN	MR3
HOMOCYSTEINE-S-METHYLTRANSFERASE-RXN	MR3
HOMOSERDEHYDROG-RXN	MR3
HOMOSERINE-O-ACETYLTRANSFERASE-RXN	MR3
ILEDEAMINE-RXN	MR3
IMIDPHOSDEHYD-RXN	MR3
IMP-DEHYDROG-RXN	MR3
IMPCYCLOHYDROLASE-RXN	MR3
ISOLEUCINE--TRNA-LIGASE-RXN	MR3
ISPH2-RXN	MR3
KDOTRANS-RXN	MR3
KDPGALDOL-RXN	MR3
L-GLN-FRUCT-6-P-AMINOTRANS-RXN	MR3
LACTOSE6P-HYDROXY-RXN	MR3
LEUCINE--TRNA-LIGASE-RXN	MR3
LEUCINE-DEHYDROGENASE-RXN	MR3
LTARTDEHYDRA-RXN	MR3
LYSINE--TRNA-LIGASE-RXN	MR3
LYXK-RXN	MR3
MANNPDEHYDROG-RXN	MR3
METHENYLTHFCYCLOHYDRO-RXN	MR3
METHIONINE--TRNA-LIGASE-RXN	MR3
METHYLENETHFDEHYDROG-NADP-RXN	MR3
MMUM-RXN	MR3
N-ACETYLGLUTPREDUCT-RXN	MR3
N-ACETYLTRANSFER-RXN	MR3
NACGLCTRANS-RXN	MR3
NAD-KIN-RXN	MR3
NICONUCADENYLYLTRAN-RXN	MR3
NICOTINATEPRIBOSYLTRANS-RXN	MR3
O-ACETYLHOMOSERINE-THIOL-LYASE-RXN	MR3
OHMETHYLBILANESYN-RXN	MR3
ORNCARBAMTRANSFER-RXN	MR3
OROPRIBTRANS-RXN	MR3
OROTPDECARB-RXN	MR3
P-PANTOCYSDECARB-RXN	MR3
PANTEPADENYLYLTRAN-RXN	MR3
PEPCARBOX-RXN	MR3
PEPDEPHOS-RXN	MR3
PGLUCISOM-RXN	MR3
PHENYLALANINE--TRNA-LIGASE-RXN	MR3
PHOSGLYPHOS-RXN	MR3
PHOSNACMURPENTATRANS-RXN	MR3
PPENTOMUT-RXN	MR3
PPPGPPHYDRO-RXN	MR3
PRAISOM-RXN	MR3
PRIBFAICARPISOM-RXN	MR3
PROLINE--TRNA-LIGASE-RXN	MR3
PRPPAMIDOTRANS-RXN	MR3
PRPPSYN-RXN	MR3
PRTRANS-RXN	MR3
PSERTRANSAM-RXN	MR3
PSERTRANSAMPYR-RXN	MR3
PURINE-NUCLEOSIDASE-RXN	MR3
PYFLAVOXRE-RXN	MR3
PYRUFLAVREDUCT-RXN	MR3
PYRUVFORMLY-RXN	MR3
R345-RXN	MR3
RETINOL-DEHYDROGENASE-RXN	MR3
RHAMNISOM-RXN	MR3
RHAMNULOKIN-RXN	MR3
RHAMNULPALDOL-RXN	MR3
RIBOSYLHOMOCYSTEINASE-RXN	MR3
RIBULOKIN-RXN	MR3
RIBULP3EPIM-RXN	MR3
RIBULPEPIM-RXN	MR3
RXN-10	MR3
RXN-10781	MR3
RXN-10911	MR3
RXN-10915	MR3
RXN-11029	MR3
RXN-11219	MR3
RXN-11346	MR3
RXN-11347	MR3
RXN-11637	MR3
RXN-11761	MR3
RXN-12002	MR3
RXN-12057	MR3
RXN-12058	MR3
RXN-12059	MR3
RXN-12060	MR3
RXN-12124	MR3
RXN-12171	MR3
RXN-12193	MR3
RXN-12302	MR3
RXN-12391	MR3
RXN-12392	MR3
RXN-12402	MR3
RXN-12444	MR3
RXN-12448	MR3
RXN-12581	MR3
RXN-12726	MR3
RXN-12752	MR3
RXN-13141	MR3
RXN-13142	MR3
RXN-13158	MR3
RXN-13163	MR3
RXN-13179	MR3
RXN-13198	MR3
RXN-13252	MR3
RXN-13277	MR3
RXN-13482	MR3
RXN-13682	MR3
RXN-13704	MR3
RXN-14117	MR3
RXN-14192	MR3
RXN-14207	MR3
RXN-14236	MR3
RXN-14260	MR3
RXN-14261	MR3
RXN-14284	MR3
RXN-14285	MR3
RXN-14286	MR3
RXN-14353	MR3
RXN-14354	MR3
RXN-14371	MR3
RXN-14372	MR3
RXN-14570	MR3
RXN-14986	MR3
RXN-15005	MR3
RXN-15006	MR3
RXN-15007	MR3
RXN-15085	MR3
RXN-15154	MR3
RXN-15158	MR3
RXN-15159	MR3
RXN-15200	MR3
RXN-15289	MR3
RXN-15291	MR3
RXN-15479	MR3
RXN-15513	MR3
RXN-15878	MR3
RXN-16165	MR3
RXN-17824	MR3
RXN-17873	MR3
RXN-17874	MR3
RXN-17875	MR3
RXN-17876	MR3
RXN-17877	MR3
RXN-17878	MR3
RXN-17892	MR3
RXN-17893	MR3
RXN-1824	MR3
RXN-1826	MR3
RXN-1828	MR3
RXN-18777	MR3
RXN-19051	MR3
RXN-19295	MR3
RXN-19296	MR3
RXN-19297	MR3
RXN-19298	MR3
RXN-19299	MR3
RXN-19300	MR3
RXN-19301	MR3
RXN-19302	MR3
RXN-19303	MR3
RXN-19304	MR3
RXN-19305	MR3
RXN-19306	MR3
RXN-19307	MR3
RXN-19308	MR3
RXN-19316	MR3
RXN-19318	MR3
RXN-19916	MR3
RXN-19947	MR3
RXN-20790	MR3
RXN-21092	MR3
RXN-21262	MR3
RXN-21263	MR3
RXN-21264	MR3
RXN-21265	MR3
RXN-21463	MR3
RXN-22	MR3
RXN-5424	MR3
RXN-6382	MR3
RXN-7657	MR3
RXN-7669	MR3
RXN-7693	MR3
RXN-7694	MR3
RXN-7700	MR3
RXN-7706	MR3
RXN-7710	MR3
RXN-8001	MR3
RXN-8631	MR3
RXN-8643	MR3
RXN-8975	MR3
RXN-8976	MR3
RXN-9023	MR3
RXN-9025	MR3
RXN-9758	MR3
RXN-9985	MR3
RXN0-1602	MR3
RXN0-1603	MR3
RXN0-2161	MR3
RXN0-2584	MR3
RXN0-363	MR3
RXN0-366	MR3
RXN0-5001	MR3
RXN0-5116	MR3
RXN0-5182	MR3
RXN0-5184	MR3
RXN0-6727	MR3
RXN0-6948	MR3
RXN0-705	MR3
RXN0-7192	MR3
RXN0-7230	MR3
RXN0-743	MR3
RXN0-884	MR3
RXN3O-4113	MR3
RXN490-3616	MR3
RXN66-478	MR3
RXNQT-4165	MR3
RXNQT-4168	MR3
RXNQT-4171	MR3
RXNQT-4174	MR3
RXNQT-4178	MR3
S-ADENMETSYN-RXN	MR3
SAICARSYN-RXN	MR3
SARCOX-RXN	MR3
SEDOBISALDOL-RXN	MR3
SERINE--TRNA-LIGASE-RXN	MR3
SERINE-O-ACETTRAN-RXN	MR3
SHIKIMATE-5-DEHYDROGENASE-RXN	MR3
SORB6PDEHYDROG-RXN	MR3
SPERMIDINESYN-RXN	MR3
SUCROSE-PHOSPHORYLASE-RXN	MR3
SUCROSEPHOSPHO-RXN	MR3
TAGAKIN-RXN	MR3
TARTRATE-DEHYDROGENASE-RXN	MR3
TDCEACT-RXN	MR3
THIOREDOXIN-REDUCT-NADPH-RXN	MR3
THREONINE--TRNA-LIGASE-RXN	MR3
THRESYN-RXN	MR3
TRANS-RXN-156	MR3
TRIOSEPISOMERIZATION-RXN	MR3
TRNA-CYTIDYLYLTRANSFERASE-RXN	MR3
TRYPSYN-RXN	MR3
TSA-REDUCT-RXN	MR3
TYROSINE--TRNA-LIGASE-RXN	MR3
UDP-NACMUR-ALA-LIG-RXN	MR3
UDPGLUCEPIM-RXN	MR3
UDPNACETYLGLUCOSAMENOLPYRTRANS-RXN	MR3
UDPNACETYLMURAMATEDEHYDROG-RXN	MR3
UNDECAPRENYL-DIPHOSPHATASE-RXN	MR3
URACIL-PRIBOSYLTRANS-RXN	MR3
UTPHEXPURIDYLYLTRANS-RXN	MR3
VALINE--TRNA-LIGASE-RXN	MR3
1.1.1.210-RXN	MR4
1.1.1.292-RXN	MR4
1.1.1.39-RXN	MR4
1.2.1.9-RXN	MR4
1.3.99.23-RXN	MR4
2.1.1.131-RXN	MR4
2.1.1.74-RXN	MR4
2.4.1.157-RXN	MR4
2.4.1.211-RXN	MR4
2.4.1.83-RXN	MR4
2.7.1.156-RXN	MR4
2.7.7.15-RXN	MR4
2.7.7.39-RXN	MR4
2.8.3.9-RXN	MR4
3-HYDROXBUTYRYL-COA-DEHYDRATASE-RXN	MR4
3-OXOACID-COA-TRANSFERASE-RXN	MR4
3.1.1.23-RXN	MR4
3.1.2.14-RXN	MR4
3.1.21.5-RXN	MR4
3.1.21.7-RXN	MR4
3.1.22.4-RXN	MR4
3.1.25.1-RXN	MR4
3.1.26.8-RXN	MR4
3.1.3.16-RXN	MR4
3.2.1.1-RXN	MR4
3.2.1.135-RXN	MR4
3.2.1.18-RXN	MR4
3.2.1.24-RXN	MR4
3.2.1.40-RXN	MR4
3.2.1.68-RXN	MR4
3.2.1.70-RXN	MR4
3.2.1.98-RXN	MR4
3.4.13.18-RXN	MR4
3.4.13.19-RXN	MR4
3.4.21.105-RXN	MR4
3.4.21.89-RXN	MR4
3.4.22.40-RXN	MR4
3.5.1.77-RXN	MR4
3.5.1.87-RXN	MR4
3.5.2.14-RXN	MR4
3.6.3.35-RXN	MR4
4-CARBOXYMUCONOLACTONE-DECARBOXYLASE-RXN	MR4
4.3.1.15-RXN	MR4
4.3.1.17-RXN	MR4
5.1.3.9-RXN	MR4
5.4.1.2-RXN	MR4
5.99.1.3-RXN	MR4
6-CARBOXYHEXANOATE--COA-LIGASE-RXN	MR4
6-PHOSPHO-BETA-GLUCOSIDASE-RXN	MR4
6.1.1.24-RXN	MR4
6.3.2.7-RXN	MR4
ACECOATRANS-RXN	MR4
ACETOACETYL-COA-TRANSFER-RXN	MR4
ACYLACPSYNTH-RXN	MR4
ACYLGPEACYLTRANS-RXN	MR4
ACYLPHOSPHATASE-RXN	MR4
ADCLY-RXN	MR4
ADDALT-RXN	MR4
ADENODEAMIN-RXN	MR4
ADENOSYLHOMOCYSTEINASE-RXN	MR4
AIRCARBOXY-RXN	MR4
ALCOHOL-DEHYDROGENASE-NADPORNOP+-RXN	MR4
ALKANAL-MONOOXYGENASE-FMN-LINKED-RXN	MR4
ALLOPHANATE-HYDROLASE-RXN	MR4
ALPHA-AMYL-RXN	MR4
APYRASE-RXN	MR4
ARGINASE-RXN	MR4
ARYL-ALCOHOL-DEHYDROGENASE-RXN	MR4
ARYLSULFATE-SULFOTRANSFERASE-RXN	MR4
ATPASE-RXN	MR4
AZOBENZENE-REDUCTASE-RXN	MR4
BENZYL-ALC-DEHYDROGENASE-RXN	MR4
BENZYL-ALCOHOL-DEHYDROGENASE-RXN	MR4
BETA-GLUCOSIDE-KINASE-RXN	MR4
BRANCHED-CHAINAMINOTRANSFERILEU-RXN	MR4
BRANCHED-CHAINAMINOTRANSFERLEU-RXN	MR4
BRANCHED-CHAINAMINOTRANSFERVAL-RXN	MR4
CHLORIDE-PEROXIDASE-RXN	MR4
CHOLINE-KINASE-RXN	MR4
COBINAMIDEKIN-RXN	MR4
COBINPGUANYLYLTRANS-RXN	MR4
CYCLOHEXADIENYL-DEHYDROGENASE-RXN	MR4
CYSPH-RXN	MR4
CYTDEAM-RXN	MR4
CYTIDEAM-RXN	MR4
CYTIDEAM2-RXN	MR4
D-ALANINE-AMINOTRANSFERASE-RXN	MR4
DARABKIN-RXN	MR4
DCMP-DEAMINASE-RXN	MR4
DEHYDDEOXPHOSGALACT-ALDOL-RXN	MR4
DIHYDROFOLATESYNTH-RXN	MR4
DIHYDROPYRIMIDINASE-RXN	MR4
DSERDEAM-RXN	MR4
DURIDKI-RXN	MR4
ENZRXN-201-RXN	MR4
FMNREDUCT-RXN	MR4
FORMATEDEHYDROG-RXN	MR4
FRUCTOKINASE-RXN	MR4
FUCULOKIN-RXN	MR4
GCVP-RXN	MR4
GDPPYPHOSKIN-RXN	MR4
GLUCOSE-6-PHOSPHATE-1-EPIMERASE-RXN	MR4
GLUTARYL-COA-DEHYDROGENASE-RXN	MR4
GLUTDECARBOX-RXN	MR4
GLYCEROL-DEHYDRATASE-RXN	MR4
GLYCOLALDREDUCT-RXN	MR4
GMP-REDUCT-RXN	MR4
GSPAMID-RXN	MR4
GSPSYN-RXN	MR4
GTP-CYCLOHYDRO-II-RXN	MR4
GTPPYPHOSKIN-RXN	MR4
H2NEOPTERINALDOL-RXN	MR4
HYALURONATE-LYASE-RXN	MR4
HYDROG-RXN	MR4
HYDROXYMETHYLGLUTARYL-COA-SYNTHASE-RXN	MR4
ISOCHORMAT-RXN	MR4
KETOGLUTREDUCT-RXN	MR4
LACTALDREDUCT-RXN	MR4
LACTOSE-6-PHOSPHATE-ISOMERASE-RXN	MR4
LXULRU5P-RXN	MR4
LYSOPHOSPHOLIPASE-RXN	MR4
MALTACETYLTRAN-RXN	MR4
MALTODEXGLUCOSID-RXN	MR4
MERCURY-II-REDUCTASE-RXN	MR4
METHYLMALONYL-COA-DECARBOXYLASE-RXN	MR4
METHYLMALONYL-COA-MUT-RXN	MR4
N-ACETYLDIAMINOPIMELATE-DEACETYLASE-RXN	MR4
NAD-SYNTH-NH3-RXN	MR4
NANE-RXN	MR4
NICOTINAMID-RXN	MR4
O-SUCCHOMOSERLYASE-RXN	MR4
OHMETPYRKIN-RXN	MR4
ORNDECARBOX-RXN	MR4
ORNITHINE--OXO-ACID-AMINOTRANSFERASE-RXN	MR4
ORNITHINE-GLU-AMINOTRANSFERASE-RXN	MR4
PPGPPSYN-RXN	MR4
PYRNUTRANSHYDROGEN-RXN	MR4
PYRUVATE-CARBOXYLASE-RXN	MR4
QOR-RXN	MR4
QUERCITRINASE-RXN	MR4
QUINATE-5-DEHYDROGENASE-RXN	MR4
R11-RXN	MR4
R165-RXN	MR4
R8-RXN	MR4
RIBITOL-5-PHOSPHATE-2-DEHYDROGENASE-RXN	MR4
RIBONUCLEOSIDE-TRIP-REDUCT-RXN	MR4
RIBOSYLNICOTINAMIDE-KINASE-RXN	MR4
RXN-1	MR4
RXN-10717	MR4
RXN-10727	MR4
RXN-10778	MR4
RXN-10817	MR4
RXN-10857	MR4
RXN-10907	MR4
RXN-10908	MR4
RXN-10910	MR4
RXN-10913	MR4
RXN-11067	MR4
RXN-11174	MR4
RXN-11211	MR4
RXN-11217	MR4
RXN-11319	MR4
RXN-11396	MR4
RXN-11490	MR4
RXN-11573	MR4
RXN-11593	MR4
RXN-11597	MR4
RXN-11599	MR4
RXN-11600	MR4
RXN-11635	MR4
RXN-11698	MR4
RXN-11833	MR4
RXN-11834	MR4
RXN-11843	MR4
RXN-11860	MR4
RXN-11865	MR4
RXN-12129	MR4
RXN-12178	MR4
RXN-12270	MR4
RXN-12280	MR4
RXN-12299	MR4
RXN-12463	MR4
RXN-12484	MR4
RXN-12610	MR4
RXN-12611	MR4
RXN-12812	MR4
RXN-12973	MR4
RXN-13011	MR4
RXN-13253	MR4
RXN-13266	MR4
RXN-13267	MR4
RXN-13268	MR4
RXN-13269	MR4
RXN-13275	MR4
RXN-13276	MR4
RXN-13280	MR4
RXN-13374	MR4
RXN-13756	MR4
RXN-13757	MR4
RXN-13788	MR4
RXN-1401	MR4
RXN-14021	MR4
RXN-14023	MR4
RXN-14063	MR4
RXN-14129	MR4
RXN-14142	MR4
RXN-14143	MR4
RXN-14161	MR4
RXN-14197	MR4
RXN-14249	MR4
RXN-14281	MR4
RXN-14282	MR4
RXN-14283	MR4
RXN-14380	MR4
RXN-14574	MR4
RXN-14900	MR4
RXN-15035	MR4
RXN-15083	MR4
RXN-15088	MR4
RXN-15089	MR4
RXN-15143	MR4
RXN-15224	MR4
RXN-15682	MR4
RXN-15727	MR4
RXN-15910	MR4
RXN-15952	MR4
RXN-16225	MR4
RXN-16248	MR4
RXN-16249	MR4
RXN-16250	MR4
RXN-16296	MR4
RXN-16602	MR4
RXN-16701	MR4
RXN-16953	MR4
RXN-16954	MR4
RXN-17082	MR4
RXN-17108	MR4
RXN-17362	MR4
RXN-1823	MR4
RXN-18602	MR4
RXN-18694	MR4
RXN-18913	MR4
RXN-18935	MR4
RXN-19311	MR4
RXN-19312	MR4
RXN-19631	MR4
RXN-19915	MR4
RXN-21069	MR4
RXN-21218	MR4
RXN-21219	MR4
RXN-21220	MR4
RXN-21350	MR4
RXN-21638	MR4
RXN-21675	MR4
RXN-21706	MR4
RXN-21714	MR4
RXN-21715	MR4
RXN-21716	MR4
RXN-34	MR4
RXN-4301	MR4
RXN-5821	MR4
RXN-6622	MR4
RXN-7682	MR4
RXN-7902	MR4
RXN-8342	MR4
RXN-8580	MR4
RXN-8581	MR4
RXN-8641	MR4
RXN-8751	MR4
RXN-8752	MR4
RXN-8753	MR4
RXN-9384	MR4
RXN-9386	MR4
RXN-9548	MR4
RXN-9549	MR4
RXN-9550	MR4
RXN-9551	MR4
RXN-9555	MR4
RXN-9590	MR4
RXN-9591	MR4
RXN-9598	MR4
RXN-9909	MR4
RXN-9990	MR4
RXN0-3521	MR4
RXN0-3741	MR4
RXN0-4141	MR4
RXN0-4181	MR4
RXN0-5181	MR4
RXN0-5183	MR4
RXN0-5292	MR4
RXN0-5298	MR4
RXN0-6377	MR4
RXN0-6427	MR4
RXN0-6974	MR4
RXN0-6975	MR4
RXN0-6976	MR4
RXN0-6977	MR4
RXN0-6978	MR4
RXN0-6979	MR4
RXN0-6980	MR4
RXN0-6981	MR4
RXN0-6982	MR4
RXN0-6983	MR4
RXN0-6984	MR4
RXN0-6985	MR4
RXN0-6987	MR4
RXN0-6988	MR4
RXN0-6994	MR4
RXN0-7002	MR4
RXN0-7154	MR4
RXN0-723	MR4
RXN0-724	MR4
RXN0-745	MR4
RXN0-746	MR4
RXN0-901	MR4
RXN1F-20	MR4
RXN66-337	MR4
RXN66-643	MR4
RXN6666-4	MR4
RXNI-2	MR4
SAMDECARB-RXN	MR4
SHIKIMATE-KINASE-RXN	MR4
TAGAALDOL-RXN	MR4
THI-P-SYN-RXN	MR4
THIAMIN-PYROPHOSPHOKINASE-RXN	MR4
THREODEHYD-RXN	MR4
THYKI-RXN	MR4
THYM-PHOSPH-RXN	MR4
THYMIDYLATE-5-PHOSPHATASE-RXN	MR4
TRANS-RXN-153A	MR4
TRANS-RXN-157	MR4
TRANS-RXN-370	MR4
TRANS-RXN0-540	MR4
UNDECAPRENOL-KINASE-RXN	MR4
UREASE-RXN	MR4
UROCANATE-HYDRATASE-RXN	MR4
XANPRIBOSYLTRAN-RXN	MR4
1.1.1.261-RXN	MR5
1.2.1.2-RXN	MR5
1.2.1.58-RXN	MR5
1.2.4.4-RXN	MR5
1.2.7.8-RXN	MR5
2-AMINOADIPATE-AMINOTRANSFERASE-RXN	MR5
2-HALOACID-DEHALOGENASE-RXN	MR5
2.1.1.103-RXN	MR5
2.1.3.9-RXN	MR5
2.4.1.57-RXN	MR5
2.5.1.42-RXN	MR5
2.6.1.37-RXN	MR5
3-OXOADIPATE-ENOL-LACTONASE-RXN	MR5
3.1.1.72-RXN	MR5
3.2.1.3-RXN	MR5
3.2.1.55-RXN	MR5
3.2.1.75-RXN	MR5
3.4.14.12-RXN	MR5
3.4.19.11-RXN	MR5
3.4.24.55-RXN	MR5
4.1.1.64-RXN	MR5
4.1.1.81-RXN	MR5
5.1.3.23-RXN	MR5
ACETALD-DEHYDROG-RXN	MR5
ACETATE--COA-LIGASE-RXN	MR5
ACETYL-COA-ACETYLTRANSFER-RXN	MR5
ACETYLORNDEACET-RXN	MR5
ADENINE-DEAMINASE-RXN	MR5
ADENOSINE-KINASE-RXN	MR5
AGMATINE-DEIMINASE-RXN	MR5
ALDHDEHYDROG-RXN	MR5
ALTRODEHYDRAT-RXN	MR5
AMIDASE-RXN	MR5
ARYL-ALCOHOL-DEHYDROGENASE-NADP+-RXN	MR5
ARYLFORMAMIDASE-RXN	MR5
ARYLSULFAT-RXN	MR5
BIPHENYL-23-DIOL-12-DIOXYGENASE-RXN	MR5
CHEBDEAMID-RXN	MR5
CITSYN-RXN	MR5
DEOXYGLUCONOKIN-RXN	MR5
DHLAXANAU-RXN	MR5
DLACTDEHYDROGNAD-RXN	MR5
ENOYL-COA-HYDRAT-RXN	MR5
GLUCISOM-RXN	MR5
GLUCONATE-5-DEHYDROGENASE-RXN	MR5
GLUTAMATE-SYNTHASE-FERREDOXIN-RXN	MR5
GLYCOLALD-DEHYDROG-RXN	MR5
GSHTRAN-RXN	MR5
GST-RXN	MR5
GUANIDINOBUTANAMIDE-NH3-RXN	MR5
HALOALKANE-DEHALOGENASE-RXN	MR5
HOMOCYSMETB12-RXN	MR5
KETOACYLCOATHIOL-RXN	MR5
KETOISOCAPROATE-RXN	MR5
L-ARABINONOLACTONASE-RXN	MR5
L-IDITOL-2-DEHYDROGENASE-RXN	MR5
LINB1-RXN	MR5
LINB2-RXN	MR5
LINOLENOYL-RXN	MR5
LONG-CHAIN-ALCOHOL-DEHYDROGENASE-RXN	MR5
MCPMETEST-RXN	MR5
METHYL-COM-HTP-RXN	MR5
METHYLACETOACETYLCOATHIOL-RXN	MR5
METHYLACYLYLCOA-HYDROXY-RXN	MR5
METHYLVALERATE-RXN	MR5
MUCONATE-CYCLOISOMERASE-RXN	MR5
N-ACYLNEURAMINATE-9-PHOSPHATASE-RXN	MR5
NADH-PEROXIDASE-RXN	MR5
NUCLEOSIDE-TRIPHOSPHATASE-RXN	MR5
ORNITHINE-CYCLODEAMINASE-RXN	MR5
PGLYCDEHYDROG-RXN	MR5
PYRAZIN-RXN	MR5
R222-RXN	MR5
R223-RXN	MR5
R311-RXN	MR5
RIBOSYLPYRIMIDINE-NUCLEOSIDASE-RXN	MR5
RXN-10083	MR5
RXN-10089	MR5
RXN-10699	MR5
RXN-10700	MR5
RXN-10701	MR5
RXN-10715	MR5
RXN-10759	MR5
RXN-10760	MR5
RXN-10780	MR5
RXN-10819	MR5
RXN-10912	MR5
RXN-10917	MR5
RXN-11070	MR5
RXN-11246	MR5
RXN-11290	MR5
RXN-11496	MR5
RXN-11496-YEAST	MR5
RXN-11542	MR5
RXN-11602	MR5
RXN-11663	MR5
RXN-11791	MR5
RXN-12086	MR5
RXN-12177	MR5
RXN-12184	MR5
RXN-12195	MR5
RXN-12196	MR5
RXN-12561	MR5
RXN-12565	MR5
RXN-12567	MR5
RXN-12579	MR5
RXN-12710	MR5
RXN-12751	MR5
RXN-12923	MR5
RXN-12924	MR5
RXN-12978	MR5
RXN-13181	MR5
RXN-13182	MR5
RXN-13274	MR5
RXN-13290	MR5
RXN-13614	MR5
RXN-13616	MR5
RXN-13617	MR5
RXN-13671	MR5
RXN-13673	MR5
RXN-14173	MR5
RXN-14174	MR5
RXN-14224	MR5
RXN-14225	MR5
RXN-14266	MR5
RXN-14268	MR5
RXN-14272	MR5
RXN-14273	MR5
RXN-14274	MR5
RXN-14277	MR5
RXN-14280	MR5
RXN-14310	MR5
RXN-14377	MR5
RXN-14394	MR5
RXN-14559	MR5
RXN-14727	MR5
RXN-14728	MR5
RXN-14774	MR5
RXN-14788	MR5
RXN-14793	MR5
RXN-14799	MR5
RXN-14803	MR5
RXN-15123	MR5
RXN-15127	MR5
RXN-15138	MR5
RXN-15294	MR5
RXN-15305	MR5
RXN-15680	MR5
RXN-16003	MR5
RXN-16135	MR5
RXN-16137	MR5
RXN-16380	MR5
RXN-16389	MR5
RXN-16393	MR5
RXN-16401	MR5
RXN-16402	MR5
RXN-16418	MR5
RXN-16485	MR5
RXN-16512	MR5
RXN-16558	MR5
RXN-16653	MR5
RXN-16654	MR5
RXN-16655	MR5
RXN-16656	MR5
RXN-17114	MR5
RXN-17116	MR5
RXN-17150	MR5
RXN-17343	MR5
RXN-17344	MR5
RXN-17475	MR5
RXN-17608	MR5
RXN-17776	MR5
RXN-17778	MR5
RXN-17780	MR5
RXN-17782	MR5
RXN-17785	MR5
RXN-17787	MR5
RXN-17789	MR5
RXN-17791	MR5
RXN-17793	MR5
RXN-17795	MR5
RXN-17797	MR5
RXN-17799	MR5
RXN-17808	MR5
RXN-18405	MR5
RXN-18407	MR5
RXN-18446	MR5
RXN-18447	MR5
RXN-18448	MR5
RXN-19387	MR5
RXN-19573	MR5
RXN-19600	MR5
RXN-19601	MR5
RXN-19610	MR5
RXN-19611	MR5
RXN-19626	MR5
RXN-19740	MR5
RXN-19751	MR5
RXN-19757	MR5
RXN-19758	MR5
RXN-19769	MR5
RXN-19800	MR5
RXN-19804	MR5
RXN-19960	MR5
RXN-20153	MR5
RXN-20165	MR5
RXN-2043	MR5
RXN-20649	MR5
RXN-20651	MR5
RXN-20675	MR5
RXN-20678	MR5
RXN-21223	MR5
RXN-21225	MR5
RXN-21399	MR5
RXN-21443	MR5
RXN-21445	MR5
RXN-21446	MR5
RXN-21447	MR5
RXN-21448	MR5
RXN-21449	MR5
RXN-21450	MR5
RXN-21755	MR5
RXN-21757	MR5
RXN-21759	MR5
RXN-21761	MR5
RXN-21766	MR5
RXN-21768	MR5
RXN-21779	MR5
RXN-21780	MR5
RXN-21781	MR5
RXN-21785	MR5
RXN-21786	MR5
RXN-21787	MR5
RXN-2425	MR5
RXN-3443	MR5
RXN-37	MR5
RXN-3962	MR5
RXN-4142	MR5
RXN-5642	MR5
RXN-5643	MR5
RXN-7644	MR5
RXN-7904	MR5
RXN-7933	MR5
RXN-8457	MR5
RXN-9024	MR5
RXN-9623	MR5
RXN-9644	MR5
RXN-9673	MR5
RXN-9989	MR5
RXN0-20	MR5
RXN0-305	MR5
RXN0-3942	MR5
RXN0-5141	MR5
RXN0-5359	MR5
RXN0-5393	MR5
RXN0-7238	MR5
RXN0-7239	MR5
RXN0-7248	MR5
RXN66-3	MR5
RXN66-469	MR5
RXN66-472	MR5
RXN66-476	MR5
RXN66-477	MR5
RXN66-479	MR5
RXN66-480	MR5
RXN66-483	MR5
RXN66-484	MR5
RXN6666-5	MR5
RXNN-404	MR5
RXNQT-4363	MR5
TIGLYLCOA-HYDROXY-RXN	MR5
TRANS-RXN0-623	MR5
TREHALA-RXN	MR5
TRIACYLGLYCEROL-LIPASE-RXN	MR5
TRIPHOSPHATASE-RXN	MR5
XYLISOM-RXN	MR5
XYLULOKIN-RXN	MR5
